{"<epoch> Train Loss": 0.677547507426318, "<epoch> Train Content Loss": 0.30732019274842504, "<epoch> Train Wording Loss": 0.37022731292481514, "<epoch> Valid Loss": 0.43279988005541375, "<epoch> Valid Content Loss": 0.36122985335363855, "<epoch> Valid Wording Loss": 0.5043699102125306, "<epoch> Gradient Norm": 70724.71875, "<epoch> lr": 1.3483292495126053e-05, "_timestamp": 1695387685.8549209, "_runtime": 5492.176186800003, "_step": 17, "_wandb": {"runtime": 5507}}