{"<epoch> Train Loss": 0.46966448613486367, "<epoch> Train Content Loss": 0.1787190674097126, "<epoch> Train Wording Loss": 0.29094541724283657, "<epoch> Valid Loss": 0.5010888399556279, "<epoch> Valid Content Loss": 0.43067428562790155, "<epoch> Valid Wording Loss": 0.5715033924207091, "<epoch> Gradient Norm": 744.1978759765625, "<epoch> lr": 3.3177001910717384e-05, "_timestamp": 1695487523.6568904, "_runtime": 650.2385594844818, "_step": 1, "_wandb": {"runtime": 652}}