{"<epoch> Train Loss": 1.5948807744236735, "<epoch> Train Content Loss": 0.7140594418946798, "<epoch> Train Wording Loss": 0.8808213271103896, "<epoch> Valid Loss": 0.746727833381066, "<epoch> Valid Content Loss": 0.6615189084639916, "<epoch> Valid Wording Loss": 0.8319367445432223, "<epoch> Gradient Norm": 78617.1875, "<epoch> lr": 3.3333333333333335e-05, "_timestamp": 1695129696.7726326, "_runtime": 702.2365636825562, "_step": 1, "_wandb": {"runtime": 705}}