{"<epoch> Train Loss": 0.9900772086409635, "<epoch> Train Content Loss": 0.42132365149120954, "<epoch> Train Wording Loss": 0.5687535578428313, "<epoch> Valid Loss": 0.5413241177352507, "<epoch> Valid Content Loss": 0.4317475308233233, "<epoch> Valid Wording Loss": 0.6509006939717193, "<epoch> Gradient Norm": 179709.4375, "<epoch> lr": 3.136848254819713e-05, "_timestamp": 1695664152.5911205, "_runtime": 1390.6223435401917, "_step": 4, "_wandb": {"runtime": 1394}}