{"<epoch> Train Loss": 1.3963867683036655, "<epoch> Train Content Loss": 0.6031488852173674, "<epoch> Train Wording Loss": 0.7932378883455314, "<epoch> Valid Loss": 0.6001780214517013, "<epoch> Valid Content Loss": 0.64402836561203, "<epoch> Valid Wording Loss": 0.5563276911127395, "<epoch> Gradient Norm": 41423.375, "<epoch> lr": 4.4349824644307e-05, "_timestamp": 1695371426.668725, "_runtime": 1488.8362491130829, "_step": 4, "_wandb": {"runtime": 1491}}