{"<epoch> Train Loss": 13.375291643263418, "<epoch> Train Content Loss": 6.451378915883318, "<epoch> Train Wording Loss": 6.923912730398057, "<epoch> Valid Loss": 4.452295195668081, "<epoch> Valid Content Loss": 3.824093128096785, "<epoch> Valid Wording Loss": 5.080497278596918, "<epoch> Gradient Norm": 2564.834228515625, "<epoch> lr": 9.899749373433584e-06, "_timestamp": 1695271459.5738308, "_runtime": 327.3077509403229, "_step": 0}