{"<epoch> Train Loss": 7.5192192415647865, "<epoch> Train Content Loss": 3.2162674861618235, "<epoch> Train Wording Loss": 4.302951779546617, "<epoch> Valid Loss": 4.320816593548019, "<epoch> Valid Content Loss": 3.4477024482301446, "<epoch> Valid Wording Loss": 5.193930753701858, "<epoch> Gradient Norm": 4389.70166015625, "<epoch> lr": 2.6657602332238525e-05, "_timestamp": 1695272703.6324375, "_runtime": 1571.3663575649261, "_step": 4, "_wandb": {"runtime": 1594}}