{"<epoch> Train Loss": 0.41454887749012853, "<epoch> Train Content Loss": 0.19319503610046745, "<epoch> Train Wording Loss": 0.22135384127263624, "<epoch> Valid Loss": 0.43538063298910856, "<epoch> Valid Content Loss": 0.37074395874515176, "<epoch> Valid Wording Loss": 0.5000173067674041, "<epoch> Gradient Norm": 54.11744689941406, "<epoch> lr": 2.9984532575296685e-05, "_timestamp": 1695529550.2091467, "_runtime": 8109.497017621994, "_step": 15, "_wandb": {"runtime": 8108}}