{"<epoch> Train Loss": 1.0716198601647822, "<epoch> Train Content Loss": 0.4766002756138747, "<epoch> Train Wording Loss": 0.5950195870474371, "<epoch> Valid Loss": 0.518334524706006, "<epoch> Valid Content Loss": 0.41039276868104935, "<epoch> Valid Wording Loss": 0.626276284456253, "<epoch> Gradient Norm": 1471.4920654296875, "<epoch> lr": 3.3177001910717384e-05, "_timestamp": 1695485096.1025612, "_runtime": 657.1881091594696, "_step": 1, "_wandb": {"runtime": 659}}