{"<epoch> Train Loss": 0.7861032191711136, "<epoch> Train Content Loss": 0.34938215756718116, "<epoch> Train Wording Loss": 0.42878115893919255, "<epoch> Valid Loss": 0.5852158730274621, "<epoch> Valid Content Loss": 0.4209042312192523, "<epoch> Valid Wording Loss": 0.7495275149660662, "<epoch> Gradient Norm": 4451.7978515625, "<epoch> lr": 3.780182307649978e-05, "_timestamp": 1695650813.0695953, "_runtime": 1257.1862573623657, "_step": 3, "_wandb": {"runtime": 1272}}