{"<epoch> Train Loss": 0.05325168805817763, "<epoch> Train Content Loss": 0.028020661160256127, "<epoch> Train Wording Loss": 0.025231026815918257, "<epoch> Valid Loss": 0.5858704660723496, "<epoch> Valid Content Loss": 0.4316928138069928, "<epoch> Valid Wording Loss": 0.740048119728578, "<epoch> Gradient Norm": 3164.919677734375, "<epoch> lr": 1.2756570642123938e-05, "_timestamp": 1695283321.4353538, "_runtime": 2580.417845726013, "_step": 8, "_wandb": {"runtime": 2579}}