{"<epoch> Train Loss": 0.7575286241138682, "<epoch> Train Content Loss": 0.33492815669845133, "<epoch> Train Wording Loss": 0.4226004668310577, "<epoch> Valid Loss": 0.4815856376326228, "<epoch> Valid Content Loss": 0.40612869521221484, "<epoch> Valid Wording Loss": 0.5570425840027361, "<epoch> Gradient Norm": 1008.9946899414062, "<epoch> lr": 4.742884015847436e-05, "_timestamp": 1695800784.7985632, "_runtime": 5316.657081127167, "_step": 11, "_wandb": {"runtime": 5315}}