{"<epoch> Train Loss": 1.0539087629785724, "<epoch> Train Content Loss": 0.4558193081734227, "<epoch> Train Wording Loss": 0.5980894588956646, "<epoch> Valid Loss": 0.47159732035968616, "<epoch> Valid Content Loss": 0.42748541114986804, "<epoch> Valid Wording Loss": 0.5157092364801876, "<epoch> Gradient Norm": 75723.328125, "<epoch> lr": 2.9769946937540864e-05, "_timestamp": 1695373650.0112433, "_runtime": 2062.524258375168, "_step": 6, "_wandb": {"runtime": 2066}}