{"<epoch> Train Loss": 0.3795630949017889, "<epoch> Train Content Loss": 0.151083129258212, "<epoch> Train Wording Loss": 0.22847996472688245, "<epoch> Valid Loss": 0.45517577696591616, "<epoch> Valid Content Loss": 0.3863956849090755, "<epoch> Valid Wording Loss": 0.5239558713510633, "<epoch> Gradient Norm": 32.872657775878906, "<epoch> lr": 4.976550286607608e-05, "_timestamp": 1695517759.250128, "_runtime": 1597.5315880775452, "_step": 2}