{"<epoch> Train Loss": 0.0723248800721156, "<epoch> Train Content Loss": 0.03275868919292826, "<epoch> Train Wording Loss": 0.03956619104009648, "<epoch> Valid Loss": 0.4507182454690337, "<epoch> Valid Content Loss": 0.38920935336500406, "<epoch> Valid Wording Loss": 0.5122271301224828, "<epoch> Gradient Norm": 37.2452392578125, "<epoch> lr": 2.0981604173601625e-05, "_timestamp": 1695520367.049749, "_runtime": 4205.331208944321, "_step": 7, "_wandb": {"runtime": 4638}}