{"<epoch> Train Loss": 0.3412027234518075, "<epoch> Train Content Loss": 0.11386550227298012, "<epoch> Train Wording Loss": 0.22733722174469428, "<epoch> Valid Loss": 0.5557788941949446, "<epoch> Valid Content Loss": 0.5268414366227884, "<epoch> Valid Wording Loss": 0.5847163397128801, "<epoch> Gradient Norm": 1369.86083984375, "<epoch> lr": 3.299916457811195e-05, "_timestamp": 1695279530.9230096, "_runtime": 639.4467105865479, "_step": 1, "_wandb": {"runtime": 782}}