{"<epoch> Train Loss": 2.1667333911446964, "<epoch> Train Content Loss": 1.113640689382366, "<epoch> Train Wording Loss": 1.0530927017623304, "<epoch> Valid Loss": 0.8572278583751005, "<epoch> Valid Content Loss": 0.8880021712359261, "<epoch> Valid Wording Loss": 0.8264535490204307, "<epoch> Gradient Norm": 90933.828125, "<epoch> lr": 1.650485436893204e-05, "_timestamp": 1695441384.7307482, "_runtime": 302.46806621551514, "_step": 0, "_wandb": {"runtime": 305}}