{"<epoch> Train Loss": 2.3842473123587813, "<epoch> Train Content Loss": 1.1023332032502866, "<epoch> Train Wording Loss": 1.281914105602339, "<epoch> Valid Loss": 0.9628072556327371, "<epoch> Valid Content Loss": 0.9160546379930833, "<epoch> Valid Wording Loss": 1.009559855741613, "<epoch> Gradient Norm": 49207.64453125, "<epoch> lr": 1.650485436893204e-05, "_timestamp": 1695401912.4220889, "_runtime": 301.26639580726624, "_step": 0, "_wandb": {"runtime": 303}}