{"<epoch> Train Loss": 0.5334433259079291, "<epoch> Train Content Loss": 1.5865505258992034, "<epoch> Train Wording Loss": 0.5334433259079291, "<epoch> Valid Loss": 0.7986330197282827, "<epoch> Valid Content Loss": 1.6787785371067343, "<epoch> Valid Wording Loss": 0.7986330197282827, "<epoch> Gradient Norm": 2332.203369140625, "<epoch> lr": 4.478564506094609e-05, "_timestamp": 1695998813.8728683, "_runtime": 867.9326753616333, "_step": 2, "_wandb": {"runtime": 875}}