{"<epoch> Train Loss": 1.2955039881524586, "<epoch> Train Content Loss": 0.5658436509824935, "<epoch> Train Wording Loss": 0.7296603407178607, "<epoch> Valid Loss": 0.6068827972032022, "<epoch> Valid Content Loss": 0.5056115872618081, "<epoch> Valid Wording Loss": 0.708153996778571, "<epoch> Gradient Norm": 173394.6875, "<epoch> lr": 4.875937294646958e-06, "_timestamp": 1695185114.1764688, "_runtime": 2936.537969827652, "_step": 10, "_wandb": {"runtime": 2940}}