{"<epoch> Train Loss": 0.608432577466065, "<epoch> Train Content Loss": 1.5220098525473156, "<epoch> Train Wording Loss": 0.608432577466065, "<epoch> Valid Loss": 0.574482982316293, "<epoch> Valid Content Loss": 1.6365150121096332, "<epoch> Valid Wording Loss": 0.574482982316293, "<epoch> Gradient Norm": 15.297592163085938, "<epoch> lr": 4.866554141799582e-05, "_timestamp": 1695999790.896043, "_runtime": 918.4143331050873, "_step": 1, "_wandb": {"runtime": 1017}}