{"<epoch> Train Loss": 0.43314817529287397, "<epoch> Train Content Loss": 0.37672588108859445, "<epoch> Train Wording Loss": 0.4707630119338539, "<epoch> Valid Loss": 0.9342232505856254, "<epoch> Valid Content Loss": 0.5207104668384646, "<epoch> Valid Wording Loss": 1.347736052104405, "<epoch> Gradient Norm": 1693.4415283203125, "<epoch> lr": 2.9099830480918207e-05, "_timestamp": 1695576187.7737064, "_runtime": 1108.9165585041046, "_step": 3, "_wandb": {"runtime": 1181}}