{"<epoch> Train Loss": 1.0105684413466343, "<epoch> Train Content Loss": 0.42298652751501215, "<epoch> Train Wording Loss": 0.587581918683163, "<epoch> Valid Loss": 0.6146969875292991, "<epoch> Valid Content Loss": 0.5120008659006944, "<epoch> Valid Wording Loss": 0.7173931020409313, "<epoch> Gradient Norm": 178714.34375, "<epoch> lr": 6.38829352511694e-09, "_timestamp": 1695179340.29443, "_runtime": 3159.704255104065, "_step": 11, "_wandb": {"runtime": 3159}}