{"<epoch> Train Loss": 1.0306885173154432, "<epoch> Train Content Loss": 0.4332347179568091, "<epoch> Train Wording Loss": 0.5974538035170976, "<epoch> Valid Loss": 0.6248487345318297, "<epoch> Valid Content Loss": 0.5253892852299249, "<epoch> Valid Wording Loss": 0.724308194509193, "<epoch> Gradient Norm": 116490.015625, "<epoch> lr": 6.155011651866221e-06, "_timestamp": 1695178820.4005682, "_runtime": 2639.810393333435, "_step": 9}