{"<epoch> Train Loss": 0.28405336492091604, "<epoch> Train Content Loss": 0.11833341820341237, "<epoch> Train Wording Loss": 0.16571994594433023, "<epoch> Valid Loss": 0.5411322946448783, "<epoch> Valid Content Loss": 0.44550118439975267, "<epoch> Valid Wording Loss": 0.6367634025718845, "<epoch> Gradient Norm": 5237.95458984375, "<epoch> lr": 3.877761186122163e-05, "_timestamp": 1695937515.5208786, "_runtime": 1199.7498216629028, "_step": 3, "_wandb": {"runtime": 1214}}