{"<epoch> Train Loss": 0.9462656778447768, "<epoch> Train Content Loss": 0.42998079902985514, "<epoch> Train Wording Loss": 0.5162848774124594, "<epoch> Valid Loss": 0.5188808078351228, "<epoch> Valid Content Loss": 0.4153174464253412, "<epoch> Valid Wording Loss": 0.622444168381069, "<epoch> Gradient Norm": 967.2911376953125, "<epoch> lr": 3.8835191421517604e-05, "_timestamp": 1695690958.0612657, "_runtime": 1389.3208837509155, "_step": 3}