{"<epoch> Train Loss": 0.14221775044435225, "<epoch> Train Content Loss": 0.15792405750579055, "<epoch> Train Wording Loss": 0.12936713621488907, "<epoch> Valid Loss": 0.5518873091397728, "<epoch> Valid Content Loss": 0.4491256678139172, "<epoch> Valid Wording Loss": 0.6546489482779032, "<epoch> Gradient Norm": 5848.84765625, "<epoch> lr": 6.061410776855042e-06, "_timestamp": 1695569431.5061247, "_runtime": 2939.627337694168, "_step": 9, "_wandb": {"runtime": 2939}}