{"<epoch> Train Loss": 1.2307280882810936, "<epoch> Train Content Loss": 0.5054290944185013, "<epoch> Train Wording Loss": 0.7252989961550786, "<epoch> Valid Loss": 0.6434046802268077, "<epoch> Valid Content Loss": 0.5097847789685357, "<epoch> Valid Wording Loss": 0.7770245834699695, "<epoch> Gradient Norm": 3405.684814453125, "<epoch> lr": 4.876389623364572e-05, "_timestamp": 1695937848.073392, "_runtime": 296.67413997650146, "_step": 1, "_wandb": {"runtime": 299}}