{"<epoch> Train Loss": 2.2997922663595163, "<epoch> Train Content Loss": 1.0825553197486728, "<epoch> Train Wording Loss": 1.2172369606354658, "<epoch> Valid Loss": 0.8641124227467705, "<epoch> Valid Content Loss": 0.8780667606522056, "<epoch> Valid Wording Loss": 0.8501580778290244, "<epoch> Gradient Norm": 161860.921875, "<epoch> lr": 2.3106796116504855e-05, "_timestamp": 1695448250.0209167, "_runtime": 300.78138279914856, "_step": 0, "_wandb": {"runtime": 304}}