{"<epoch> Train Loss": 0.3532139048072862, "<epoch> Train Content Loss": 0.15531739578669115, "<epoch> Train Wording Loss": 0.197896508604103, "<epoch> Valid Loss": 0.669911539745713, "<epoch> Valid Content Loss": 0.5962605319902271, "<epoch> Valid Wording Loss": 0.743562545590028, "<epoch> Gradient Norm": 10789.25, "<epoch> lr": 1.4147799347577921e-05, "_timestamp": 1695966867.073287, "_runtime": 3941.76300907135, "_step": 13, "_wandb": {"runtime": 3940}}