{"<epoch> Train Loss": 0.11044106149563084, "<epoch> Train Content Loss": 0.0497082663828103, "<epoch> Train Wording Loss": 0.06073279511282053, "<epoch> Valid Loss": 0.6948758205930861, "<epoch> Valid Content Loss": 0.6550534965228948, "<epoch> Valid Wording Loss": 0.7346981446092385, "<epoch> Gradient Norm": 7565.69677734375, "<epoch> lr": 1.7731821199589547e-05, "_timestamp": 1695301830.8521566, "_runtime": 4335.394122600555, "_step": 13, "_wandb": {"runtime": 4333}}