{"<epoch> Train Loss": 2.383717985714183, "<epoch> Train Content Loss": 1.1002637101154702, "<epoch> Train Wording Loss": 1.2834542639115278, "<epoch> Valid Loss": 0.9694259131655973, "<epoch> Valid Content Loss": 0.9119146641562966, "<epoch> Valid Wording Loss": 1.026937162174898, "<epoch> Gradient Norm": 36234.21484375, "<epoch> lr": 1.650485436893204e-05, "_timestamp": 1695438240.5068908, "_runtime": 297.1336178779602, "_step": 0, "_wandb": {"runtime": 300}}