{"<epoch> Train Loss": 0.22140665352344513, "<epoch> Valid Loss": 0.4835541546344757, "<epoch> Gradient Norm": 975.3843994140625, "<epoch> lr": 4.9983718658417456e-05, "_timestamp": 1693886544.0578544, "_runtime": 947.1166365146637, "_step": 0}