{"<epoch> Train Loss": 2.3840727689219454, "<epoch> Train Content Loss": 1.1015725205926334, "<epoch> Train Wording Loss": 1.282500238979564, "<epoch> Valid Loss": 0.9756590899299172, "<epoch> Valid Content Loss": 0.9149881566272062, "<epoch> Valid Wording Loss": 1.0363299916772282, "<epoch> Gradient Norm": 46768.6640625, "<epoch> lr": 1.650485436893204e-05, "_timestamp": 1695425798.1577332, "_runtime": 298.69975113868713, "_step": 0, "_wandb": {"runtime": 301}}