{"<epoch> Train Loss": 0.9894271271783601, "<epoch> Train Content Loss": 0.4103418533344689, "<epoch> Train Wording Loss": 0.5790852703763254, "<epoch> Valid Loss": 0.5547622401968159, "<epoch> Valid Content Loss": 0.4282112683436218, "<epoch> Valid Wording Loss": 0.6813132064865235, "<epoch> Gradient Norm": 3782.006103515625, "<epoch> lr": 8.957129012189218e-06, "_timestamp": 1695969553.718588, "_runtime": 885.5506131649017, "_step": 2, "_wandb": {"runtime": 887}}