{"<epoch> Train Loss": 0.4318769450899194, "<epoch> Train Content Loss": 0.20262621417251556, "<epoch> Train Wording Loss": 0.229250730800379, "<epoch> Valid Loss": 0.40314276179959696, "<epoch> Valid Content Loss": 0.3519755501959214, "<epoch> Valid Wording Loss": 0.4543099734032725, "<epoch> Gradient Norm": 82.86338806152344, "<epoch> lr": 1.2832201115681815e-05, "_timestamp": 1695558275.123176, "_runtime": 4578.774403095245, "_step": 8, "_wandb": {"runtime": 4586}}