{"<epoch> Train Loss": 7.41978481751454, "<epoch> Train Content Loss": 3.222553914106345, "<epoch> Train Wording Loss": 4.197230897372282, "<epoch> Valid Loss": 5.489076303288261, "<epoch> Valid Content Loss": 4.226277017454296, "<epoch> Valid Wording Loss": 6.751875589122225, "<epoch> Gradient Norm": 4782.89892578125, "<epoch> lr": 4.0578190610531906e-05, "_timestamp": 1695274938.8218029, "_runtime": 2165.125765800476, "_step": 6, "_wandb": {"runtime": 2169}}