{"<epoch> Train Loss": 0.5079482406377792, "<epoch> Train Content Loss": 0.23915937524288894, "<epoch> Train Wording Loss": 0.26878886595368384, "<epoch> Valid Loss": 0.8508199064099059, "<epoch> Valid Content Loss": 0.6092885153960564, "<epoch> Valid Wording Loss": 1.0923513150915334, "<epoch> Gradient Norm": 5066.5595703125, "<epoch> lr": 2.09794297004827e-05, "_timestamp": 1695654268.7920167, "_runtime": 1821.847485780716, "_step": 5, "_wandb": {"runtime": 1818}}