{"<epoch> Train Loss": 0.7773008442813565, "<epoch> Train Content Loss": 0.34100703386046133, "<epoch> Train Wording Loss": 0.4362938111613256, "<epoch> Valid Loss": 1.0023288767452914, "<epoch> Valid Content Loss": 0.8360239098830387, "<epoch> Valid Wording Loss": 1.168633833164122, "<epoch> Gradient Norm": 2271.4755859375, "<epoch> lr": 3.869088406562792e-05, "_timestamp": 1695956781.498171, "_runtime": 331.2906560897827, "_step": 3, "_wandb": {"runtime": 335}}