{"<epoch> Train Loss": 0.30671187569885133, "<epoch> Train Content Loss": 0.14468180078942822, "<epoch> Train Wording Loss": 0.16203007640891104, "<epoch> Valid Loss": 0.5650994837371017, "<epoch> Valid Content Loss": 0.44194635224388706, "<epoch> Valid Wording Loss": 0.6882526188089132, "<epoch> Gradient Norm": 3534.712646484375, "<epoch> lr": 1.2756570642123938e-05, "_timestamp": 1695579053.8558257, "_runtime": 2551.894373655319, "_step": 8, "_wandb": {"runtime": 2551}}