{"<epoch> Train Loss": 0.5299354893450411, "<epoch> Train Content Loss": 0.46969992255572207, "<epoch> Train Wording Loss": 0.5901710522471008, "<epoch> Valid Loss": 1.0342110742853317, "<epoch> Valid Content Loss": 0.842470391939504, "<epoch> Valid Wording Loss": 1.225951750934747, "<epoch> Gradient Norm": 1589.4423828125, "<epoch> lr": 4.8648761642984466e-05, "_timestamp": 1695959824.074481, "_runtime": 558.6597189903259, "_step": 1, "_wandb": {"runtime": 609}}