{"<epoch> Train Loss": 0.9078356728834265, "<epoch> Train Content Loss": 0.3958319191839181, "<epoch> Train Wording Loss": 0.5120037525307899, "<epoch> Valid Loss": 0.4643973077552906, "<epoch> Valid Content Loss": 0.38130981075590936, "<epoch> Valid Wording Loss": 0.5474847866141278, "<epoch> Gradient Norm": 50599.77734375, "<epoch> lr": 2.1150396489584158e-05, "_timestamp": 1695362230.6137462, "_runtime": 2341.630168199539, "_step": 7, "_wandb": {"runtime": 2345}}