{"<epoch> Train Loss": 2.2767555643530453, "<epoch> Train Content Loss": 1.0727316106066984, "<epoch> Train Wording Loss": 1.2040239479027541, "<epoch> Valid Loss": 0.8545440435409546, "<epoch> Valid Content Loss": 0.9154035659397349, "<epoch> Valid Wording Loss": 0.7936845106237075, "<epoch> Gradient Norm": 91414.7265625, "<epoch> lr": 1.650485436893204e-05, "_timestamp": 1695397016.2842598, "_runtime": 301.31460785865784, "_step": 0, "_wandb": {"runtime": 304}}