{"<epoch> Train Loss": 0.899415122215138, "<epoch> Train Content Loss": 0.3530645699695099, "<epoch> Train Wording Loss": 0.546350545661394, "<epoch> Valid Loss": 0.7993355099834613, "<epoch> Valid Content Loss": 0.7276786032007702, "<epoch> Valid Wording Loss": 0.8709924060906937, "<epoch> Gradient Norm": 49402.94921875, "<epoch> lr": 4.973014649190439e-05, "_timestamp": 1695197995.604932, "_runtime": 799.071809053421, "_step": 2}