{"<epoch> Train Loss": 0.32396507263183594, "<epoch> Train Content Loss": 0.11870339547478875, "<epoch> Train Wording Loss": 0.20526167715704718, "<epoch> Valid Loss": 0.6539350925986447, "<epoch> Valid Content Loss": 0.5276315238938403, "<epoch> Valid Wording Loss": 0.7802386621930706, "<epoch> Gradient Norm": 264738.3125, "<epoch> lr": 1.7413490510590409e-06, "_timestamp": 1695199048.6027536, "_runtime": 1852.0696306228638, "_step": 6}