{"<epoch> Train Loss": 0.3148061238889453, "<epoch> Train Content Loss": 0.11154705587821671, "<epoch> Train Wording Loss": 0.2032590674448617, "<epoch> Valid Loss": 0.5260997953841451, "<epoch> Valid Content Loss": 0.4446628959826839, "<epoch> Valid Wording Loss": 0.6075366937279644, "<epoch> Gradient Norm": 2255.723388671875, "<epoch> lr": 3.299916457811195e-05, "_timestamp": 1695280445.2607937, "_runtime": 639.0972287654877, "_step": 1, "_wandb": {"runtime": 784}}