{"<epoch> Train Loss": 2.3839223291359697, "<epoch> Train Content Loss": 1.1036575214535582, "<epoch> Train Wording Loss": 1.2802648263819076, "<epoch> Valid Loss": 0.9744413460002226, "<epoch> Valid Content Loss": 0.9184472105082344, "<epoch> Valid Wording Loss": 1.0304354779860552, "<epoch> Gradient Norm": 48201.4375, "<epoch> lr": 1.650485436893204e-05, "_timestamp": 1695438893.0959644, "_runtime": 301.3202633857727, "_step": 0, "_wandb": {"runtime": 302}}