{"<epoch> Train Loss": 1.2463944762252097, "<epoch> Train Content Loss": 0.49972724013550335, "<epoch> Train Wording Loss": 0.7466672298520111, "<epoch> Valid Loss": 0.5757901855369112, "<epoch> Valid Content Loss": 0.47041366883178254, "<epoch> Valid Wording Loss": 0.6811667058005262, "<epoch> Gradient Norm": 53904.7890625, "<epoch> lr": 3.883332922586488e-05, "_timestamp": 1695689186.964263, "_runtime": 1123.3346450328827, "_step": 3, "_wandb": {"runtime": 1126}}