{"<epoch> Train Loss": 1.3278044168051186, "<epoch> Train Content Loss": 0.5672119507541904, "<epoch> Train Wording Loss": 0.7605924745658775, "<epoch> Valid Loss": 0.6479346614617568, "<epoch> Valid Content Loss": 0.5860064281867101, "<epoch> Valid Wording Loss": 0.7098629016142625, "<epoch> Gradient Norm": 69880.0234375, "<epoch> lr": 5e-05, "_timestamp": 1695130882.5245264, "_runtime": 1028.7599244117737, "_step": 2, "_wandb": {"runtime": 1029}}