{"<epoch> Train Loss": 2.3299680363898183, "<epoch> Train Content Loss": 1.0820571978886921, "<epoch> Train Wording Loss": 1.2479108256452225, "<epoch> Valid Loss": 0.9472906309015611, "<epoch> Valid Content Loss": 0.9943715193692375, "<epoch> Valid Wording Loss": 0.9002097213969511, "<epoch> Gradient Norm": 251368.21875, "<epoch> lr": 2.6407766990291266e-05, "_timestamp": 1695448709.1044054, "_runtime": 300.1025574207306, "_step": 0, "_wandb": {"runtime": 303}}