{"<epoch> Train Loss": 0.25873540360364855, "<epoch> Train Content Loss": 0.2577019098752774, "<epoch> Train Wording Loss": 0.2595809875808147, "<epoch> Valid Loss": 0.8378580406627114, "<epoch> Valid Content Loss": 0.5483649056339929, "<epoch> Valid Wording Loss": 1.1273511886121979, "<epoch> Gradient Norm": 3670.05126953125, "<epoch> lr": 3.752813653234139e-05, "_timestamp": 1695571183.1799884, "_runtime": 1742.260802268982, "_step": 5, "_wandb": {"runtime": 1801}}