{"<epoch> Train Loss": 1.406349831936406, "<epoch> Train Content Loss": 0.7102682467769174, "<epoch> Train Wording Loss": 0.6960815921717999, "<epoch> Valid Loss": 0.5247788604568032, "<epoch> Valid Content Loss": 0.5066723806016585, "<epoch> Valid Wording Loss": 0.5428853350527146, "<epoch> Gradient Norm": 80616.1484375, "<epoch> lr": 2.9923991087167658e-05, "_timestamp": 1695399289.524319, "_runtime": 2070.3295748233795, "_step": 6, "_wandb": {"runtime": 2073}}