{"<epoch> Train Loss": 0.0364504397285651, "<epoch> Train Content Loss": 0.020088274234338947, "<epoch> Train Wording Loss": 0.01636216553182613, "<epoch> Valid Loss": 0.8311498129231352, "<epoch> Valid Content Loss": 0.567949578677795, "<epoch> Valid Wording Loss": 1.0943500324527442, "<epoch> Gradient Norm": 5642.42529296875, "<epoch> lr": 6.1798352621664e-07, "_timestamp": 1695293890.0398176, "_runtime": 5336.737590551376, "_step": 19, "_wandb": {"runtime": 5335}}