{"<epoch> Train Loss": 0.992083356660955, "<epoch> Train Content Loss": 0.44140953176161823, "<epoch> Train Wording Loss": 0.5506738243149776, "<epoch> Valid Loss": 0.4442890111137839, "<epoch> Valid Content Loss": 0.39647768700824065, "<epoch> Valid Wording Loss": 0.4921003299600938, "<epoch> Gradient Norm": 202638.796875, "<epoch> lr": 2.9923991087167658e-05, "_timestamp": 1695401584.7443764, "_runtime": 2075.853847503662, "_step": 6, "_wandb": {"runtime": 2079}}