{"<epoch> Train Loss": 0.1293788373276785, "<epoch> Train Content Loss": 0.051829470297345866, "<epoch> Train Wording Loss": 0.07754936630462671, "<epoch> Valid Loss": 0.5482466381329757, "<epoch> Valid Content Loss": 0.4759578544359941, "<epoch> Valid Wording Loss": 0.6205354287074163, "<epoch> Gradient Norm": 76252.46875, "<epoch> lr": 5.848888922025553e-06, "_timestamp": 1694930200.1721733, "_runtime": 9492.519378185272, "_step": 28, "_wandb": {"runtime": 9491}}