{"<epoch> Train Loss": 0.44328426648370967, "<epoch> Train Content Loss": 0.20325091902328574, "<epoch> Train Wording Loss": 0.24003334759925463, "<epoch> Valid Loss": 0.8377832193289187, "<epoch> Valid Content Loss": 0.6343860003620668, "<epoch> Valid Wording Loss": 1.0411804369755087, "<epoch> Gradient Norm": 4261.46826171875, "<epoch> lr": 4.701608671615415e-05, "_timestamp": 1695944656.6555712, "_runtime": 3253.5587723255157, "_step": 11, "_wandb": {"runtime": 3252}}