{"<epoch> Train Loss": 0.15830164023165433, "<epoch> Train Content Loss": 1.8568488734323274, "<epoch> Train Wording Loss": 0.15830164023165433, "<epoch> Valid Loss": 0.7019136443147395, "<epoch> Valid Content Loss": 1.8910583571780348, "<epoch> Valid Wording Loss": 0.7019136443147395, "<epoch> Gradient Norm": 59.580291748046875, "<epoch> lr": 8.251727038490703e-06, "_timestamp": 1695997916.1888175, "_runtime": 3618.679972410202, "_step": 7, "_wandb": {"runtime": 3621}}