{"<epoch> Train Loss": 0.40365053958530667, "<epoch> Train Content Loss": 0.34331664933434014, "<epoch> Train Wording Loss": 0.46398442870453943, "<epoch> Valid Loss": 0.5741438921586252, "<epoch> Valid Content Loss": 0.43748720393751106, "<epoch> Valid Wording Loss": 0.7108005709768674, "<epoch> Gradient Norm": 2978.00439453125, "<epoch> lr": 2.9771298352680293e-05, "_timestamp": 1695657586.8381999, "_runtime": 1558.527394771576, "_step": 4, "_wandb": {"runtime": 1557}}