{"<epoch> Train Loss": 1.679268330897925, "<epoch> Train Content Loss": 0.805904100807208, "<epoch> Train Wording Loss": 0.8733642343080269, "<epoch> Valid Loss": 0.5904401781840642, "<epoch> Valid Content Loss": 0.5599107735934742, "<epoch> Valid Wording Loss": 0.6209695861504155, "<epoch> Gradient Norm": 15.293652534484863, "<epoch> lr": 9.962406015037594e-06, "_timestamp": 1695971993.3259368, "_runtime": 503.84422969818115, "_step": 0, "_wandb": {"runtime": 922}}