{"<epoch> Train Loss": 1.265374291510809, "<epoch> Train Content Loss": 0.5484531855299359, "<epoch> Train Wording Loss": 0.7169211095287686, "<epoch> Valid Loss": 0.6200211207935775, "<epoch> Valid Content Loss": 0.5341774760812953, "<epoch> Valid Wording Loss": 0.7058647741442141, "<epoch> Gradient Norm": 213551.734375, "<epoch> lr": 4.9202753345112415e-05, "_timestamp": 1695182005.1864882, "_runtime": 2133.8401181697845, "_step": 7, "_wandb": {"runtime": 2166}}