{"<epoch> Train Loss": 1.463630063193185, "<epoch> Train Content Loss": 0.6489003356199087, "<epoch> Train Wording Loss": 0.8147297223902638, "<epoch> Valid Loss": 0.6041507192986284, "<epoch> Valid Content Loss": 0.5476711454515706, "<epoch> Valid Wording Loss": 0.6606302993569919, "<epoch> Gradient Norm": 3431.821044921875, "<epoch> lr": 1.6615067079463365e-05, "_timestamp": 1695582038.5109541, "_runtime": 290.1572082042694, "_step": 0, "_wandb": {"runtime": 444}}