{"<epoch> Train Loss": 0.22032226486639542, "<epoch> Train Content Loss": 0.08568623270113747, "<epoch> Train Wording Loss": 0.13463603289096387, "<epoch> Valid Loss": 0.5385463467011085, "<epoch> Valid Content Loss": 0.4845785131821266, "<epoch> Valid Wording Loss": 0.592514171050145, "<epoch> Gradient Norm": 281038.21875, "<epoch> lr": 4.415111107797445e-05, "_timestamp": 1694953729.2272506, "_runtime": 7239.91263961792, "_step": 21, "_wandb": {"runtime": 7239}}