{"<epoch> Train Loss": 0.8080910084382543, "<epoch> Train Content Loss": 1.5244853099187214, "<epoch> Train Wording Loss": 0.8080910084382543, "<epoch> Valid Loss": 1.0220892460066888, "<epoch> Valid Content Loss": 2.00403632616962, "<epoch> Valid Wording Loss": 1.0220892460066888, "<epoch> Gradient Norm": 1220.2724609375, "<epoch> lr": 0.0003984962406015037, "_timestamp": 1695991148.819048, "_runtime": 298.5870409011841, "_step": 0, "_wandb": {"runtime": 341}}