{"<epoch> Train Loss": 0.3014592510926259, "<epoch> Train Content Loss": 0.11077528548511592, "<epoch> Train Wording Loss": 0.19068396449476094, "<epoch> Valid Loss": 0.7671760962559626, "<epoch> Valid Content Loss": 0.8384166038953341, "<epoch> Valid Wording Loss": 0.6959355748616732, "<epoch> Gradient Norm": 223412.09375, "<epoch> lr": 4.415111107797445e-05, "_timestamp": 1694934470.516303, "_runtime": 4262.443765163422, "_step": 12}