{"<epoch> Train Loss": 0.1465733660893007, "<epoch> Train Content Loss": 0.05946488143852005, "<epoch> Train Wording Loss": 0.08710848414278649, "<epoch> Valid Loss": 0.5134333440890679, "<epoch> Valid Content Loss": 0.4277045291203719, "<epoch> Valid Wording Loss": 0.5991621682277093, "<epoch> Gradient Norm": 391113.90625, "<epoch> lr": 1.5076844803523032e-06, "_timestamp": 1694938367.3667934, "_runtime": 8159.294255495071, "_step": 24, "_wandb": {"runtime": 8157}}