{"<epoch> Train Loss": 1.5607816948316484, "<epoch> Train Content Loss": 0.6836017365543006, "<epoch> Train Wording Loss": 0.8771799628023078, "<epoch> Valid Loss": 0.5345524847507477, "<epoch> Valid Content Loss": 0.43669742345809937, "<epoch> Valid Wording Loss": 0.6324075488373637, "<epoch> Gradient Norm": 1276.192138671875, "<epoch> lr": 1.6588500955358692e-05, "_timestamp": 1695521314.1172225, "_runtime": 324.6427035331726, "_step": 0, "_wandb": {"runtime": 326}}