{"<epoch> Train Loss": 0.9723011535756728, "<epoch> Train Content Loss": 0.45509417910201877, "<epoch> Train Wording Loss": 0.5172069738892948, "<epoch> Valid Loss": 0.5320442759472391, "<epoch> Valid Content Loss": 0.46804470169371454, "<epoch> Valid Wording Loss": 0.5960438605667888, "<epoch> Gradient Norm": 17779.416015625, "<epoch> lr": 3.8771614325615265e-05, "_timestamp": 1695369586.4308543, "_runtime": 7020.023359298706, "_step": 23, "_wandb": {"runtime": 7021}}