{"<epoch> Train Loss": 0.9659082281823251, "<epoch> Train Content Loss": 0.41620779855578555, "<epoch> Train Wording Loss": 0.5497004296265396, "<epoch> Valid Loss": 0.45736685265665467, "<epoch> Valid Content Loss": 0.39282591403394507, "<epoch> Valid Wording Loss": 0.5219077787537506, "<epoch> Gradient Norm": 125127.0390625, "<epoch> lr": 1.838878185679795e-05, "_timestamp": 1695348250.438036, "_runtime": 2087.3935260772705, "_step": 6, "_wandb": {"runtime": 2091}}