{"<epoch> Train Loss": 0.8066695232569061, "<epoch> Train Content Loss": 0.3546995887104769, "<epoch> Train Wording Loss": 0.4519699347315368, "<epoch> Valid Loss": 0.9030620290783283, "<epoch> Valid Content Loss": 0.7109625988068303, "<epoch> Valid Wording Loss": 1.0951614631474345, "<epoch> Gradient Norm": 7659.36572265625, "<epoch> lr": 4.473796506593807e-05, "_timestamp": 1695956409.464412, "_runtime": 843.9423320293427, "_step": 2, "_wandb": {"runtime": 865}}