{"<epoch> Train Loss": 0.40541206497066423, "<epoch> Train Content Loss": 2.1552798080744235, "<epoch> Train Wording Loss": 0.40541206497066423, "<epoch> Valid Loss": 0.6093713124515828, "<epoch> Valid Content Loss": 2.2260676821169483, "<epoch> Valid Wording Loss": 0.6093713124515828, "<epoch> Gradient Norm": 25.037925720214844, "<epoch> lr": 3.128766370165527e-05, "_timestamp": 1696002186.9237444, "_runtime": 2274.984328508377, "_step": 4}