{"<epoch> Train Loss": 0.21005717203730628, "<epoch> Train Content Loss": 0.08307498400764805, "<epoch> Train Wording Loss": 0.12698218847314516, "<epoch> Valid Loss": 0.516130488851796, "<epoch> Valid Content Loss": 0.4342786354431208, "<epoch> Valid Wording Loss": 0.5979823526264965, "<epoch> Gradient Norm": 62929.09375, "<epoch> lr": 3.566961961146975e-06, "_timestamp": 1695190297.1327, "_runtime": 4301.3299908638, "_step": 15}