{"<epoch> Train Loss": 0.1570781511919839, "<epoch> Train Content Loss": 0.0636440013490972, "<epoch> Train Wording Loss": 0.09343414966549192, "<epoch> Valid Loss": 0.5288077152293661, "<epoch> Valid Content Loss": 0.44942768285239953, "<epoch> Valid Wording Loss": 0.6081877424233202, "<epoch> Gradient Norm": 133500.8125, "<epoch> lr": 7.870469312352996e-07, "_timestamp": 1695191635.987696, "_runtime": 5640.184986829758, "_step": 20, "_wandb": {"runtime": 5639}}