{"<epoch> Train Loss": 1.7904821219323557, "<epoch> Train Content Loss": 0.8774283611321751, "<epoch> Train Wording Loss": 0.9130537577822239, "<epoch> Valid Loss": 0.6212782007603606, "<epoch> Valid Content Loss": 0.581197046601894, "<epoch> Valid Wording Loss": 0.6613593419373586, "<epoch> Gradient Norm": 4318.60205078125, "<epoch> lr": 9.899749373433584e-06, "_timestamp": 1695970860.9482515, "_runtime": 324.12261939048767, "_step": 0, "_wandb": {"runtime": 328}}