{"<epoch> Train Loss": 1.042398824429637, "<epoch> Train Content Loss": 0.45113609005643435, "<epoch> Train Wording Loss": 0.5912627354654342, "<epoch> Valid Loss": 0.5076604578644037, "<epoch> Valid Content Loss": 0.4595354478806257, "<epoch> Valid Wording Loss": 0.5557854687795043, "<epoch> Gradient Norm": 1904.3062744140625, "<epoch> lr": 3.3177001910717384e-05, "_timestamp": 1695486440.8285367, "_runtime": 670.2290828227997, "_step": 1, "_wandb": {"runtime": 672}}