{"<epoch> Train Loss": 1.0301692976671106, "<epoch> Train Content Loss": 0.44988639389767365, "<epoch> Train Wording Loss": 0.5802828985102036, "<epoch> Valid Loss": 0.4552856894100414, "<epoch> Valid Content Loss": 0.38989591072587404, "<epoch> Valid Wording Loss": 0.5206754663411308, "<epoch> Gradient Norm": 31065.294921875, "<epoch> lr": 4.442064867723236e-05, "_timestamp": 1695396557.4045663, "_runtime": 1484.1566452980042, "_step": 4, "_wandb": {"runtime": 1487}}