{"<epoch> Train Loss": 0.3005466794817703, "<epoch> Train Content Loss": 1.7995460100893705, "<epoch> Train Wording Loss": 0.3005466794817703, "<epoch> Valid Loss": 0.6725246095518261, "<epoch> Valid Content Loss": 1.8194114483266302, "<epoch> Valid Wording Loss": 0.6725246095518261, "<epoch> Gradient Norm": 3310.16845703125, "<epoch> lr": 4.7161901342079103e-05, "_timestamp": 1695990751.2361023, "_runtime": 3430.4672663211823, "_step": 11, "_wandb": {"runtime": 3429}}