{"<epoch> Train Loss": 0.6742772339265558, "<epoch> Train Content Loss": 0.3025177421071861, "<epoch> Train Wording Loss": 0.37175949125350277, "<epoch> Valid Loss": 0.5364621281913605, "<epoch> Valid Content Loss": 0.4379305565131192, "<epoch> Valid Wording Loss": 0.6349936831791423, "<epoch> Gradient Norm": 6783.2216796875, "<epoch> lr": 2.9771298352680293e-05, "_timestamp": 1695652441.795475, "_runtime": 1599.0470058918, "_step": 4, "_wandb": {"runtime": 1597}}