{"<epoch> Train Loss": 0.5960299995126603, "<epoch> Train Content Loss": 0.2793804918286167, "<epoch> Train Wording Loss": 0.3166495069295545, "<epoch> Valid Loss": 0.5652856102080153, "<epoch> Valid Content Loss": 0.5050005268343571, "<epoch> Valid Wording Loss": 0.6255706926544257, "<epoch> Gradient Norm": 1987.46044921875, "<epoch> lr": 1.6499582289055974e-05, "_timestamp": 1695278164.7192886, "_runtime": 326.7408096790314, "_step": 0}