{"<epoch> Train Loss": 1.765818783215114, "<epoch> Train Content Loss": 0.8813186117580959, "<epoch> Train Wording Loss": 0.8845001572654361, "<epoch> Valid Loss": 0.9021227515262106, "<epoch> Valid Content Loss": 0.8591981672722361, "<epoch> Valid Wording Loss": 0.9450473215269006, "<epoch> Gradient Norm": 705157.75, "<epoch> lr": 1.3684822412195897e-05, "_timestamp": 1695170919.0429316, "_runtime": 2454.753436565399, "_step": 8, "_wandb": {"runtime": 2458}}