{"<epoch> Train Loss": 1.7919780845883526, "<epoch> Train Content Loss": 0.8778971844836126, "<epoch> Train Wording Loss": 0.9140808974640279, "<epoch> Valid Loss": 0.6305863611838397, "<epoch> Valid Content Loss": 0.5648263602449178, "<epoch> Valid Wording Loss": 0.6963463741769823, "<epoch> Gradient Norm": 4739.2978515625, "<epoch> lr": 9.899749373433584e-06, "_timestamp": 1695970478.3830116, "_runtime": 323.3142144680023, "_step": 0, "_wandb": {"runtime": 327}}