{"<epoch> Train Loss": 1.0397051688912626, "<epoch> Train Content Loss": 0.5519297560314079, "<epoch> Train Wording Loss": 0.48777541140844294, "<epoch> Valid Loss": 1.0862193428553069, "<epoch> Valid Content Loss": 1.1157361887968504, "<epoch> Valid Wording Loss": 1.0567024877438178, "<epoch> Gradient Norm": 49982.40625, "<epoch> lr": 1.6666666666666667e-05, "_timestamp": 1694920671.2457411, "_runtime": 329.6846401691437, "_step": 0, "_wandb": {"runtime": 350}}