{"<epoch> Train Loss": 0.1206460509847545, "<epoch> Train Content Loss": 0.05332674211441721, "<epoch> Train Wording Loss": 0.06731930849546532, "<epoch> Valid Loss": 0.573917671494769, "<epoch> Valid Content Loss": 0.523601247317361, "<epoch> Valid Wording Loss": 0.6242340968602134, "<epoch> Gradient Norm": 3918.181396484375, "<epoch> lr": 1.777723723643014e-05, "_timestamp": 1695288546.3468633, "_runtime": 3949.384457349777, "_step": 13, "_wandb": {"runtime": 3948}}