{"<epoch> Train Loss": 0.38348901681602, "<epoch> Train Content Loss": 0.3474978841841221, "<epoch> Train Wording Loss": 0.3989137880504131, "<epoch> Valid Loss": 0.8992651855844713, "<epoch> Valid Content Loss": 0.6825714072758668, "<epoch> Valid Wording Loss": 1.1159589695894878, "<epoch> Gradient Norm": 6549.36083984375, "<epoch> lr": 1.2877389224443365e-05, "_timestamp": 1695661290.288526, "_runtime": 1217.414155960083, "_step": 3, "_wandb": {"runtime": 1352}}