{"<epoch> Train Loss": 0.3237976873222786, "<epoch> Train Content Loss": 0.11356612172307848, "<epoch> Train Wording Loss": 0.21023156616506697, "<epoch> Valid Loss": 0.6457654133431819, "<epoch> Valid Content Loss": 0.5841048582989902, "<epoch> Valid Wording Loss": 0.7074259662720899, "<epoch> Gradient Norm": 681.9609375, "<epoch> lr": 3.299916457811195e-05, "_timestamp": 1695284039.4375706, "_runtime": 646.6881935596466, "_step": 1, "_wandb": {"runtime": 791}}