{"<epoch> Train Loss": 2.1837861374312757, "<epoch> Train Content Loss": 1.1278428879438662, "<epoch> Train Wording Loss": 1.0559432600058762, "<epoch> Valid Loss": 0.9130014601875754, "<epoch> Valid Content Loss": 0.9854231441722197, "<epoch> Valid Wording Loss": 0.8405797832152423, "<epoch> Gradient Norm": 89179.578125, "<epoch> lr": 1.650485436893204e-05, "_timestamp": 1695439291.7723625, "_runtime": 297.61587047576904, "_step": 0, "_wandb": {"runtime": 300}}