{"<epoch> Train Loss": 0.25009631291031836, "<epoch> Train Content Loss": 0.2328524822369218, "<epoch> Train Wording Loss": 0.2673401448875666, "<epoch> Valid Loss": 0.883883390099092, "<epoch> Valid Content Loss": 0.6561756331924185, "<epoch> Valid Wording Loss": 1.1115911272760053, "<epoch> Gradient Norm": 4842.09912109375, "<epoch> lr": 6.130482594406953e-06, "_timestamp": 1695660006.3362622, "_runtime": 2412.004805326462, "_step": 7, "_wandb": {"runtime": 2410}}