{"<epoch> Train Loss": 0.512997127046772, "<epoch> Train Content Loss": 0.2344658392317155, "<epoch> Train Wording Loss": 0.2785312892759548, "<epoch> Valid Loss": 0.45201258944428485, "<epoch> Valid Content Loss": 0.39365824063618976, "<epoch> Valid Wording Loss": 0.5103669382523799, "<epoch> Gradient Norm": 52567.40625, "<epoch> lr": 1.398375034909729e-05, "_timestamp": 1695381902.9057887, "_runtime": 7942.167784690857, "_step": 26, "_wandb": {"runtime": 7941}}