{"<epoch> Train Loss": 0.903695732939477, "<epoch> Train Content Loss": 0.3672816946226008, "<epoch> Train Wording Loss": 0.5364140330576429, "<epoch> Valid Loss": 0.47205183260581074, "<epoch> Valid Content Loss": 0.39270902381223793, "<epoch> Valid Wording Loss": 0.5513946449055391, "<epoch> Gradient Norm": 19473.5703125, "<epoch> lr": 3.066917084052603e-05, "_timestamp": 1695425357.8768947, "_runtime": 4761.041659593582, "_step": 15, "_wandb": {"runtime": 4850}}