{"<epoch> Train Loss": 0.6735518485307693, "<epoch> Train Content Loss": 0.29448860660195353, "<epoch> Train Wording Loss": 0.3790632452815771, "<epoch> Valid Loss": 0.6197885610536488, "<epoch> Valid Content Loss": 0.49195337217890905, "<epoch> Valid Wording Loss": 0.7476237564383146, "<epoch> Gradient Norm": 2369.4111328125, "<epoch> lr": 2.9713421858076573e-05, "_timestamp": 1695655856.3162284, "_runtime": 1581.2323124408722, "_step": 4, "_wandb": {"runtime": 1729}}