{"<epoch> Train Loss": 0.19287903349437013, "<epoch> Train Content Loss": 0.09697914841287424, "<epoch> Train Wording Loss": 0.09589988562761177, "<epoch> Valid Loss": 0.4146720329299569, "<epoch> Valid Content Loss": 0.35901838075369596, "<epoch> Valid Wording Loss": 0.47032568231225014, "<epoch> Gradient Norm": 65.47362518310547, "<epoch> lr": 6.357917806832295e-06, "_timestamp": 1695539135.0234203, "_runtime": 9577.882583379745, "_step": 18, "_wandb": {"runtime": 9598}}