{"<epoch> Train Loss": 1.3588947314842075, "<epoch> Train Content Loss": 0.7088627020517985, "<epoch> Train Wording Loss": 0.6500320270949719, "<epoch> Valid Loss": 0.49724385668249693, "<epoch> Valid Content Loss": 0.47393590562483845, "<epoch> Valid Wording Loss": 0.520551811246311, "<epoch> Gradient Norm": 118385.03125, "<epoch> lr": 4.442064867723236e-05, "_timestamp": 1695394960.6379683, "_runtime": 1489.3985261917114, "_step": 4, "_wandb": {"runtime": 1491}}