{"<epoch> Train Loss": 2.3842277363234876, "<epoch> Train Content Loss": 1.1003730390586106, "<epoch> Train Wording Loss": 1.2838546996023141, "<epoch> Valid Loss": 0.9780383039923275, "<epoch> Valid Content Loss": 0.9129721452208126, "<epoch> Valid Wording Loss": 1.043104466269998, "<epoch> Gradient Norm": 36276.5234375, "<epoch> lr": 1.650485436893204e-05, "_timestamp": 1695437724.2985058, "_runtime": 299.84392189979553, "_step": 0, "_wandb": {"runtime": 302}}