{"<epoch> Train Loss": 0.34837640627570776, "<epoch> Train Content Loss": 0.17260743895117542, "<epoch> Train Wording Loss": 0.17576896653782506, "<epoch> Valid Loss": 0.7401404806545803, "<epoch> Valid Content Loss": 0.5344845851064618, "<epoch> Valid Wording Loss": 0.9457963662339776, "<epoch> Gradient Norm": 6203.21630859375, "<epoch> lr": 1.986730442716139e-05, "_timestamp": 1695962919.6239388, "_runtime": 3007.388922691345, "_step": 10, "_wandb": {"runtime": 3006}}