{"<epoch> Train Loss": 0.4222676399387891, "<epoch> Train Content Loss": 0.1932004216728331, "<epoch> Train Wording Loss": 0.22906721939768973, "<epoch> Valid Loss": 0.640359111155592, "<epoch> Valid Content Loss": 0.5080374264433133, "<epoch> Valid Wording Loss": 0.772680799707256, "<epoch> Gradient Norm": 78.65428924560547, "<epoch> lr": 4.744268450441709e-05, "_timestamp": 1695940755.4671478, "_runtime": 2178.8478577136993, "_step": 11, "_wandb": {"runtime": 2350}}