{"<epoch> Train Loss": 1.5759846508815027, "<epoch> Train Content Loss": 0.6851775355988148, "<epoch> Train Wording Loss": 0.8908071146585554, "<epoch> Valid Loss": 0.5232304967939854, "<epoch> Valid Content Loss": 0.42935617081820965, "<epoch> Valid Wording Loss": 0.6171048255637288, "<epoch> Gradient Norm": 1157.342529296875, "<epoch> lr": 1.6588500955358692e-05, "_timestamp": 1695485740.4154663, "_runtime": 332.5549533367157, "_step": 0, "_wandb": {"runtime": 334}}