{"<epoch> Train Loss": 1.1807955510961186, "<epoch> Train Content Loss": 0.531883216691467, "<epoch> Train Wording Loss": 0.6489123293438798, "<epoch> Valid Loss": 0.768765536163638, "<epoch> Valid Content Loss": 0.4544374165050486, "<epoch> Valid Wording Loss": 1.0830936544313556, "<epoch> Gradient Norm": 2614.44921875, "<epoch> lr": 4.981203007518797e-05, "_timestamp": 1695307108.8248398, "_runtime": 973.7201697826385, "_step": 2, "_wandb": {"runtime": 1031}}