{"<epoch> Train Loss": 0.1983465014592461, "<epoch> Train Content Loss": 0.0964666394435841, "<epoch> Train Wording Loss": 0.10187986141406231, "<epoch> Valid Loss": 0.7992294850843116, "<epoch> Valid Content Loss": 0.5858230167001323, "<epoch> Valid Wording Loss": 1.012635952889949, "<epoch> Gradient Norm": 2866.06494140625, "<epoch> lr": 5.883753094024014e-06, "_timestamp": 1695581740.8705807, "_runtime": 2680.9082016944885, "_step": 9, "_wandb": {"runtime": 2679}}