{"<epoch> Train Loss": 0.8681738837709967, "<epoch> Train Content Loss": 0.36131161835583503, "<epoch> Train Wording Loss": 0.5068622679455476, "<epoch> Valid Loss": 0.5674738719095926, "<epoch> Valid Content Loss": 0.41568119869570624, "<epoch> Valid Wording Loss": 0.7192665460507268, "<epoch> Gradient Norm": 91.05158996582031, "<epoch> lr": 6.295325652365286e-07, "_timestamp": 1695978442.6716695, "_runtime": 5925.032595396042, "_step": 8, "_wandb": {"runtime": 5929}}