{"<epoch> Train Loss": 0.7373651588487925, "<epoch> Train Content Loss": 0.3196054405573779, "<epoch> Train Wording Loss": 0.41775971688564467, "<epoch> Valid Loss": 0.5920868643175125, "<epoch> Valid Content Loss": 0.4307278097979815, "<epoch> Valid Wording Loss": 0.7534459204887034, "<epoch> Gradient Norm": 37.986122131347656, "<epoch> lr": 3.128766370165527e-05, "_timestamp": 1695981687.9601557, "_runtime": 3201.4193568229675, "_step": 4, "_wandb": {"runtime": 3252}}