{"<epoch> Train Loss": 0.49210292659699917, "<epoch> Train Content Loss": 0.4179292216897011, "<epoch> Train Wording Loss": 0.5662766322493553, "<epoch> Valid Loss": 1.0683032280179978, "<epoch> Valid Content Loss": 0.8801117874663407, "<epoch> Valid Wording Loss": 1.2564946674125712, "<epoch> Gradient Norm": 1049.644775390625, "<epoch> lr": 4.483207609739964e-05, "_timestamp": 1695957008.9219947, "_runtime": 205.47580361366272, "_step": 2, "_wandb": {"runtime": 207}}