{"<epoch> Train Loss": 1.124085169804247, "<epoch> Train Content Loss": 0.478095120267023, "<epoch> Train Wording Loss": 0.6307268738746643, "<epoch> Valid Loss": 0.6292590217562515, "<epoch> Valid Content Loss": 0.5096957062886767, "<epoch> Valid Wording Loss": 0.7488223430481012, "<epoch> Gradient Norm": 1507.310791015625, "<epoch> lr": 4.949874686716792e-05, "_timestamp": 1695649182.1769886, "_runtime": 650.6339817047119, "_step": 1, "_wandb": {"runtime": 796}}