{"<epoch> Train Loss": 0.914281939758974, "<epoch> Train Content Loss": 0.39787011988022747, "<epoch> Train Wording Loss": 0.5164118175413094, "<epoch> Valid Loss": 0.45253749256548675, "<epoch> Valid Content Loss": 0.3907688787018043, "<epoch> Valid Wording Loss": 0.5143060973588971, "<epoch> Gradient Norm": 233522.4375, "<epoch> lr": 1.8201915029564392e-06, "_timestamp": 1695345856.3145962, "_runtime": 2062.916045188904, "_step": 6, "_wandb": {"runtime": 2066}}