{"<epoch> Train Loss": 1.7899105880833879, "<epoch> Train Content Loss": 0.8772457604166828, "<epoch> Train Wording Loss": 0.912664826912216, "<epoch> Valid Loss": 0.6202431222334265, "<epoch> Valid Content Loss": 0.5794793810726198, "<epoch> Valid Wording Loss": 0.6610068636550217, "<epoch> Gradient Norm": 3577.179443359375, "<epoch> lr": 9.899749373433584e-06, "_timestamp": 1695971256.1477592, "_runtime": 329.7939500808716, "_step": 0, "_wandb": {"runtime": 331}}