{"<epoch> Train Loss": 1.2313521603743236, "<epoch> Train Content Loss": 0.5126564254363378, "<epoch> Train Wording Loss": 0.7186957356475648, "<epoch> Valid Loss": 0.7637903992680536, "<epoch> Valid Content Loss": 0.4979114532470703, "<epoch> Valid Wording Loss": 1.0296693487443787, "<epoch> Gradient Norm": 127261.90625, "<epoch> lr": 3.939233501210136e-05, "_timestamp": 1695176174.425348, "_runtime": 3970.246950149536, "_step": 14, "_wandb": {"runtime": 3969}}