{"<epoch> Train Loss": 0.35526666471605783, "<epoch> Train Content Loss": 0.3162699065305902, "<epoch> Train Wording Loss": 0.38126448734001545, "<epoch> Valid Loss": 1.3811806100169373, "<epoch> Valid Content Loss": 1.0113604209581857, "<epoch> Valid Wording Loss": 1.7510008170990672, "<epoch> Gradient Norm": 1307.330322265625, "<epoch> lr": 2.918085497383747e-05, "_timestamp": 1695575071.6120653, "_runtime": 3781.2019011974335, "_step": 12, "_wandb": {"runtime": 3780}}