{"<epoch> Train Loss": 1.3179841836293538, "<epoch> Train Content Loss": 0.5560089601021186, "<epoch> Train Wording Loss": 0.7619752287864685, "<epoch> Valid Loss": 0.55714954500613, "<epoch> Valid Content Loss": 0.4043530864992004, "<epoch> Valid Wording Loss": 0.7099459896916929, "<epoch> Gradient Norm": 59998.4921875, "<epoch> lr": 3.782227358989838e-05, "_timestamp": 1695389571.2671971, "_runtime": 1843.7879810333252, "_step": 5}