{"<epoch> Train Loss": 0.6853458156772688, "<epoch> Train Content Loss": 0.3117450925649381, "<epoch> Train Wording Loss": 0.3736007201905344, "<epoch> Valid Loss": 0.441155388303425, "<epoch> Valid Content Loss": 0.3834561044755189, "<epoch> Valid Wording Loss": 0.49885466522064764, "<epoch> Gradient Norm": 54165.74609375, "<epoch> lr": 2.170526612847939e-05, "_timestamp": 1695392869.7862947, "_runtime": 5142.30707859993, "_step": 16}