{"<epoch> Train Loss": 0.5879713226767147, "<epoch> Train Content Loss": 0.2664581610291612, "<epoch> Train Wording Loss": 0.32151316369281097, "<epoch> Valid Loss": 0.43204883734385174, "<epoch> Valid Content Loss": 0.37340579387070477, "<epoch> Valid Wording Loss": 0.4906918829765873, "<epoch> Gradient Norm": 85404.5625, "<epoch> lr": 6.630841548137901e-06, "_timestamp": 1695393464.733218, "_runtime": 5737.25400185585, "_step": 18, "_wandb": {"runtime": 5736}}