{"<epoch> Train Loss": 1.1007093673660642, "<epoch> Train Content Loss": 0.4848443340687525, "<epoch> Train Wording Loss": 0.6158650311685744, "<epoch> Valid Loss": 0.5258413924687151, "<epoch> Valid Content Loss": 0.4653520938278972, "<epoch> Valid Wording Loss": 0.5863306837669318, "<epoch> Gradient Norm": 33596.1796875, "<epoch> lr": 3.7992255890534285e-05, "_timestamp": 1695662693.9300632, "_runtime": 1159.0803833007812, "_step": 3, "_wandb": {"runtime": 1167}}