{"<epoch> Train Loss": 2.384122278176102, "<epoch> Train Content Loss": 1.1017974229419933, "<epoch> Train Wording Loss": 1.2823248587402643, "<epoch> Valid Loss": 0.9701238099266501, "<epoch> Valid Content Loss": 0.9177263238850761, "<epoch> Valid Wording Loss": 1.0225212784374462, "<epoch> Gradient Norm": 50739.58984375, "<epoch> lr": 1.650485436893204e-05, "_timestamp": 1695418867.1358628, "_runtime": 296.99727272987366, "_step": 0, "_wandb": {"runtime": 300}}