{"<epoch> Train Loss": 0.1702315349664007, "<epoch> Train Content Loss": 0.06811409196876861, "<epoch> Train Wording Loss": 0.10211744406200074, "<epoch> Valid Loss": 0.5296151433505264, "<epoch> Valid Content Loss": 0.449945377368553, "<epoch> Valid Wording Loss": 0.609284921019685, "<epoch> Gradient Norm": 328789.59375, "<epoch> lr": 6.867001890224148e-06, "_timestamp": 1694963408.4508336, "_runtime": 9593.128010511398, "_step": 28, "_wandb": {"runtime": 9592}}