{"<epoch> Train Loss": 0.31261375413827247, "<epoch> Train Content Loss": 0.1551179968171719, "<epoch> Train Wording Loss": 0.15749575802324955, "<epoch> Valid Loss": 0.4085893025621772, "<epoch> Valid Content Loss": 0.36065356340259314, "<epoch> Valid Wording Loss": 0.45652504824101925, "<epoch> Gradient Norm": 77.76712799072266, "<epoch> lr": 6.1145201620735e-06, "_timestamp": 1695553580.9828777, "_runtime": 5129.5105748176575, "_step": 9, "_wandb": {"runtime": 5227}}