{"<epoch> Train Loss": 1.8693350927502501, "<epoch> Train Content Loss": 0.9654763294201271, "<epoch> Train Wording Loss": 0.9038587586552489, "<epoch> Valid Loss": 0.9299802359412698, "<epoch> Valid Content Loss": 0.9726016276022967, "<epoch> Valid Wording Loss": 0.8873588267494651, "<epoch> Gradient Norm": 67.66961669921875, "<epoch> lr": 0.00024535336672420826, "_timestamp": 1695447892.8128536, "_runtime": 4729.038923501968, "_step": 15, "_wandb": {"runtime": 4728}}