{"<epoch> Train Loss": 1.1924304015496199, "<epoch> Train Content Loss": 0.5467937688032786, "<epoch> Train Wording Loss": 0.645636636836856, "<epoch> Valid Loss": 0.5057985326823067, "<epoch> Valid Content Loss": 0.4228075286921333, "<epoch> Valid Wording Loss": 0.5887895226478577, "<epoch> Gradient Norm": 55549.5703125, "<epoch> lr": 4.442064867723236e-05, "_timestamp": 1695420451.92687, "_runtime": 1489.2601540088654, "_step": 4, "_wandb": {"runtime": 1493}}