{"<epoch> Train Loss": 1.0434209941569423, "<epoch> Train Content Loss": 0.44790950464328544, "<epoch> Train Wording Loss": 0.5955114890455575, "<epoch> Valid Loss": 0.6341984822020619, "<epoch> Valid Content Loss": 0.6338001806015843, "<epoch> Valid Wording Loss": 0.6345967959798327, "<epoch> Gradient Norm": 59.477447509765625, "<epoch> lr": 3.317124001389371e-05, "_timestamp": 1695559328.982622, "_runtime": 1005.2007009983063, "_step": 1, "_wandb": {"runtime": 1454}}