{"<epoch> Train Loss": 2.3849354935627356, "<epoch> Train Content Loss": 1.1016678214073181, "<epoch> Train Wording Loss": 1.2832676686492621, "<epoch> Valid Loss": 0.9696082437739653, "<epoch> Valid Content Loss": 0.9165256970068988, "<epoch> Valid Wording Loss": 1.022690773010254, "<epoch> Gradient Norm": 50179.6796875, "<epoch> lr": 1.650485436893204e-05, "_timestamp": 1695442679.9931705, "_runtime": 301.1315224170685, "_step": 0, "_wandb": {"runtime": 304}}