{"<epoch> Train Loss": 2.388443167393024, "<epoch> Train Content Loss": 1.0901340876634305, "<epoch> Train Wording Loss": 1.2983090900457823, "<epoch> Valid Loss": 0.8381714552640915, "<epoch> Valid Content Loss": 0.8163192629814148, "<epoch> Valid Wording Loss": 0.8600236475467682, "<epoch> Gradient Norm": 95697.734375, "<epoch> lr": 4.9760765550239234e-05, "_timestamp": 1695804737.0858605, "_runtime": 338.17477440834045, "_step": 0, "_wandb": {"runtime": 341}}