{"<epoch> Train Loss": 0.054104991257190704, "<epoch> Valid Loss": 0.3834589719772339, "<epoch> Gradient Norm": 131524.71875, "<epoch> lr": 2.584965788643423e-12, "_timestamp": 1694101595.1814916, "_runtime": 14325.457984685898, "_step": 4, "_wandb": {"runtime": 14326}}