{"<epoch> Train Loss": 0.09847313640002879, "<epoch> Train Content Loss": 0.04515737649169027, "<epoch> Train Wording Loss": 0.05331575995461541, "<epoch> Valid Loss": 0.6378388655687381, "<epoch> Valid Content Loss": 0.46577933603871563, "<epoch> Valid Wording Loss": 0.8098983964126908, "<epoch> Gradient Norm": 6584.361328125, "<epoch> lr": 1.944404799182494e-05, "_timestamp": 1695297488.7741632, "_runtime": 3592.174643278122, "_step": 12, "_wandb": {"runtime": 3590}}