{"<epoch> Train Loss": 1.5287769689609867, "<epoch> Train Content Loss": 0.6624366335219738, "<epoch> Train Wording Loss": 0.8663403376234764, "<epoch> Valid Loss": 0.5307857459411025, "<epoch> Valid Content Loss": 0.4719010004773736, "<epoch> Valid Wording Loss": 0.5896704867482185, "<epoch> Gradient Norm": 2503.035888671875, "<epoch> lr": 1.6588500955358692e-05, "_timestamp": 1695486813.813287, "_runtime": 345.36305809020996, "_step": 0, "_wandb": {"runtime": 347}}