{"<epoch> Train Loss": 2.161553191203697, "<epoch> Train Content Loss": 1.1075872767205333, "<epoch> Train Wording Loss": 1.053965914483164, "<epoch> Valid Loss": 0.9544190448873183, "<epoch> Valid Content Loss": 0.9906221277573529, "<epoch> Valid Wording Loss": 0.9182159479926614, "<epoch> Gradient Norm": 218169.765625, "<epoch> lr": 1.650485436893204e-05, "_timestamp": 1695442134.928778, "_runtime": 299.59556102752686, "_step": 0, "_wandb": {"runtime": 302}}