{"<epoch> Train Loss": 0.6311275489055194, "<epoch> Train Content Loss": 0.2916709098678369, "<epoch> Train Wording Loss": 0.339456639610804, "<epoch> Valid Loss": 0.6073481653943474, "<epoch> Valid Content Loss": 0.47472617158919206, "<epoch> Valid Wording Loss": 0.7399701442983415, "<epoch> Gradient Norm": 906.9299926757812, "<epoch> lr": 8.067960709356478e-06, "_timestamp": 1695804008.4761403, "_runtime": 3214.6273753643036, "_step": 7, "_wandb": {"runtime": 3549}}