{"<epoch> Train Loss": 0.35717420486159296, "<epoch> Train Content Loss": 1.836436019003766, "<epoch> Train Wording Loss": 0.35717420486159296, "<epoch> Valid Loss": 0.8171591795528172, "<epoch> Valid Content Loss": 1.9484156367844845, "<epoch> Valid Wording Loss": 0.8171591795528172, "<epoch> Gradient Norm": 42.13465881347656, "<epoch> lr": 0.0001849713336270332, "_timestamp": 1695994199.262405, "_runtime": 2704.629136800766, "_step": 5, "_wandb": {"runtime": 2763}}