{"<epoch> Train Loss": 0.9161078392290601, "<epoch> Train Content Loss": 0.3888442896160425, "<epoch> Train Wording Loss": 0.5272635472755806, "<epoch> Valid Loss": 0.48846999329069385, "<epoch> Valid Content Loss": 0.4357714575269948, "<epoch> Valid Wording Loss": 0.5411685186883678, "<epoch> Gradient Norm": 54716.48828125, "<epoch> lr": 3.835299239128323e-05, "_timestamp": 1695351851.5850167, "_runtime": 3535.913228750229, "_step": 11, "_wandb": {"runtime": 3537}}