{"<epoch> Train Loss": 2.4179688224605487, "<epoch> Train Content Loss": 1.117492773953606, "<epoch> Train Wording Loss": 1.3004760637002832, "<epoch> Valid Loss": 0.9228708323310403, "<epoch> Valid Content Loss": 0.9371055785347434, "<epoch> Valid Wording Loss": 0.9086360685965594, "<epoch> Gradient Norm": 28948.34375, "<epoch> lr": 9.902912621359224e-06, "_timestamp": 1695443142.7350283, "_runtime": 301.35307931900024, "_step": 0, "_wandb": {"runtime": 304}}