{"<epoch> Train Loss": 0.261887609724599, "<epoch> Train Content Loss": 0.12486401641088006, "<epoch> Train Wording Loss": 0.13702359335272724, "<epoch> Valid Loss": 0.4305473566055298, "<epoch> Valid Content Loss": 0.3714301846921444, "<epoch> Valid Wording Loss": 0.4896645387634635, "<epoch> Gradient Norm": 72.34364318847656, "<epoch> lr": 1.3143330593413863e-05, "_timestamp": 1695548443.4858084, "_runtime": 9129.831871271133, "_step": 17, "_wandb": {"runtime": 9129}}