{"<epoch> Train Loss": 1.5321698869977678, "<epoch> Train Content Loss": 0.6788227416220165, "<epoch> Train Wording Loss": 0.8533471382799602, "<epoch> Valid Loss": 0.6669041976548623, "<epoch> Valid Content Loss": 0.5453205894732821, "<epoch> Valid Wording Loss": 0.7884878144747969, "<epoch> Gradient Norm": 46993.94921875, "<epoch> lr": 4.869042974843676e-05, "_timestamp": 1695172044.1451783, "_runtime": 1090.3541102409363, "_step": 3, "_wandb": {"runtime": 1094}}