{"<epoch> Train Loss": 1.9694350957870483, "<epoch> Train Content Loss": 1.0159522607212974, "<epoch> Train Wording Loss": 0.953482849257333, "<epoch> Valid Loss": 0.9583602953648221, "<epoch> Valid Content Loss": 0.9144826825114264, "<epoch> Valid Wording Loss": 1.002237926358762, "<epoch> Gradient Norm": 262985.90625, "<epoch> lr": 4.914196567862714e-05, "_timestamp": 1695168283.2153716, "_runtime": 833.3015835285187, "_step": 2, "_wandb": {"runtime": 837}}