{"<epoch> Train Loss": 0.6576691312449319, "<epoch> Train Content Loss": 0.31728174759970085, "<epoch> Train Wording Loss": 0.3403873801618427, "<epoch> Valid Loss": 0.8382219993151151, "<epoch> Valid Content Loss": 0.7799654419605548, "<epoch> Valid Wording Loss": 0.8964785520847027, "<epoch> Gradient Norm": 109863.7421875, "<epoch> lr": 4.415111107797445e-05, "_timestamp": 1694939684.936769, "_runtime": 1311.858204126358, "_step": 3, "_wandb": {"runtime": 1312}}