{"<epoch> Train Loss": 0.2176902135891944, "<epoch> Train Content Loss": 0.10989345295458847, "<epoch> Train Wording Loss": 0.10779676007928315, "<epoch> Valid Loss": 0.6921579732684668, "<epoch> Valid Content Loss": 0.525896613786598, "<epoch> Valid Wording Loss": 0.8584193324517153, "<epoch> Gradient Norm": 3647.83251953125, "<epoch> lr": 4.9703809534007464e-05, "_timestamp": 1695947740.6356308, "_runtime": 3078.430897951126, "_step": 10, "_wandb": {"runtime": 3076}}