{"<epoch> Train Loss": 8.955923502958274, "<epoch> Train Content Loss": 3.695005709611917, "<epoch> Train Wording Loss": 5.26091777222066, "<epoch> Valid Loss": 4.346030586659474, "<epoch> Valid Content Loss": 3.4387212135169363, "<epoch> Valid Wording Loss": 5.253339996891921, "<epoch> Gradient Norm": 2605.226806640625, "<epoch> lr": 3.299916457811195e-05, "_timestamp": 1695270790.6425009, "_runtime": 647.9347589015961, "_step": 1, "_wandb": {"runtime": 651}}