{"<epoch> Train Loss": 1.2511338731821846, "<epoch> Train Content Loss": 0.5336498962897881, "<epoch> Train Wording Loss": 0.7174839716331631, "<epoch> Valid Loss": 0.5038322037544803, "<epoch> Valid Content Loss": 0.4448318157507026, "<epoch> Valid Wording Loss": 0.5628325999646947, "<epoch> Gradient Norm": 73219.3984375, "<epoch> lr": 4.4349824644307e-05, "_timestamp": 1695359083.1054657, "_runtime": 1462.0096685886383, "_step": 4, "_wandb": {"runtime": 1464}}