{"<epoch> Train Loss": 0.7502726935872844, "<epoch> Train Content Loss": 0.3345046914091297, "<epoch> Train Wording Loss": 0.41576800159379546, "<epoch> Valid Loss": 0.4411637835642871, "<epoch> Valid Content Loss": 0.37660033562604117, "<epoch> Valid Wording Loss": 0.5057272350086885, "<epoch> Gradient Norm": 51721.21875, "<epoch> lr": 2.2083652303466205e-05, "_timestamp": 1695454261.5684319, "_runtime": 5021.228781938553, "_step": 16, "_wandb": {"runtime": 5020}}