{"<epoch> Train Loss": 0.2452019602060318, "<epoch> Valid Loss": 0.5159722566604614, "<epoch> Gradient Norm": 1091287.375, "<epoch> lr": 4.849231551964771e-05, "_timestamp": 1694150656.2634423, "_runtime": 2875.6997532844543, "_step": 0}