{"<epoch> Train Loss": 1.00228940856223, "<epoch> Train Content Loss": 0.4366264121205199, "<epoch> Train Wording Loss": 0.5656630028696621, "<epoch> Valid Loss": 0.475398990555086, "<epoch> Valid Content Loss": 0.41869436787522357, "<epoch> Valid Wording Loss": 0.5321036145307015, "<epoch> Gradient Norm": 45989.4609375, "<epoch> lr": 3.782227358989838e-05, "_timestamp": 1695353783.514068, "_runtime": 1784.059071779251, "_step": 5}