{"<epoch> Train Loss": 0.6897406858556411, "<epoch> Train Content Loss": 0.30255326336505367, "<epoch> Train Wording Loss": 0.3871874242436652, "<epoch> Valid Loss": 0.43915602694387024, "<epoch> Valid Content Loss": 0.38043825090795325, "<epoch> Valid Wording Loss": 0.497873792613762, "<epoch> Gradient Norm": 68964.7890625, "<epoch> lr": 6.630841548137901e-06, "_timestamp": 1695357615.1140301, "_runtime": 5615.659034013748, "_step": 18, "_wandb": {"runtime": 5614}}