{"<epoch> Train Loss": 0.42083676159381866, "<epoch> Train Content Loss": 0.2008007042683088, "<epoch> Train Wording Loss": 0.2200360567523883, "<epoch> Valid Loss": 0.5951493740081787, "<epoch> Valid Content Loss": 0.5087416157126426, "<epoch> Valid Wording Loss": 0.6815571337938309, "<epoch> Gradient Norm": 992.6243896484375, "<epoch> lr": 1.1894138698344037e-05, "_timestamp": 1695822057.0496101, "_runtime": 7344.809923171997, "_step": 16, "_wandb": {"runtime": 7367}}