{"<epoch> Train Loss": 0.6481898128986359, "<epoch> Train Content Loss": 0.27697312430693555, "<epoch> Train Wording Loss": 0.3712166908841867, "<epoch> Valid Loss": 0.5263951927423477, "<epoch> Valid Content Loss": 0.46469184160232546, "<epoch> Valid Wording Loss": 0.5880985498428345, "<epoch> Gradient Norm": 998.2537231445312, "<epoch> lr": 8.302133418002377e-06, "_timestamp": 1695818167.208813, "_runtime": 3454.9691259860992, "_step": 7}